,,,,,,,,Sistema Aeroportuario Mexicano,,,,,,,,,,,,,,,,,,,,,,,,,,,,,,,,,,,,,,,,,,,,,,,,,,,,,,,,,,,,,,,,,,,,,,,,,,,,,,,,,,,,,,,,,
,,,,,,,,,,,,,,,,,,,,,,,,,,,,,,,,,,,,,,,,,,,,,,,,,,,,,,,,,,,,,,,,,,,,,,,,,,,,,,,,,,,,,,,,,,,,,,,,,
,,,,,,,,,,,,,,,,,,,,,,,,,,,,,,,,,,,,,,,,,,,,,,,,,,,,,,,,,,,,,,,,,,,,,,,,,,,,,,,,,,,,,,,,,,,,,,,,,
AEROPUERTO/AERÓDROMO,,,,,,UBICACIÓN,,DATOS ASIGNACIÓN - CONCESIÓN - PERMISO,,,,,,,,,,,,,,,,,,,,,,,,,,,,,,,,,,,,,,,,,,,,,,,,,,,,,,,,,,,,,,,,,,,,,,,,,,,,,,,,,,,,,,,,,
No,CÓDIGO IATA,CÓDIGO OACI,NOMBRE DEL AEROPUERTO,AEROPUERTO,AERÓDROMO,ESTADO,MUNICIPIO,CONCESIONARIO/PERMISIONARIO U OPERADOR,"GRUPO
OPERADOR PERMISIONARIO",TIPO DE OPERACIÓN PERMITIDA,,,,,,,,,,,,,,,,,,,,,,,,,,,,,,,,,,,,,,,,,,,,,,,,,,,,,,,,,,,,,,,,,,,,,,,,,,,,,,,,,,,,,,,
1,ACA,MMAA,ACAPULCO ,ACAPULCO ,,GUERRERO,ACAPULCO,"AEROPUERTO DE ACAPULCO, SA DE CV",OMA,"servicio de transporte Internacional aéreo regular y no regular, así como de servicios aéreos a terceros y operaciones de aeronaves para uso particular",,,,,,,,,,,,,,,,,,,,,,,,,,,,,,,,,,,,,,,,,,,,,,,,,,,,,,,,,,,,,,,,,,,,,,,,,,,,,,,,,,,,,,,
2,AGU,MMAS,AEROPUERTO  JESÚS TERÁN,AGUASCALIENTES,,AGUASCALIENTES,AGUASCALIENTES,"AEROPUERTO DE AGUASCALIENTES, SA DE CV",GAP,"servicio de transporte Internacional aéreo regular y no regular, así como de servicios aéreos a terceros y operaciones de aeronaves para uso particular",,,,,,,,,,,,,,,,,,,,,,,,,,,,,,,,,,,,,,,,,,,,,,,,,,,,,,,,,,,,,,,,,,,,,,,,,,,,,,,,,,,,,,,
3,AZP,MMJC,ATIZAPÁN,,ATIZAPÁN,ESTADO DE MÉXICO,ATIZAPAN DE ZARAGOZA,"SISTEMAS DE AUTOPISTAS, AEROPUERTOS, SERVICIOS CONEXOS Y AUXILIARES DE ESTADO DE MÉXICO (SAASCAEM) ",ESTATAL,"destinado a los propios fines del permisionario, o a los de terceros con quienes libremente contrate, siempre que se presten al transporte aéreo nacional, ya sea privado no comercial o comercial y no regular",,,,,,,,,,,,,,,,,,,,,,,,,,,,,,,,,,,,,,,,,,,,,,,,,,,,,,,,,,,,,,,,,,,,,,,,,,,,,,,,,,,,,,,
4,CSL,MMSL,CABO SAN LUCAS,,CABO SAN LUCAS,BAJA CALIFORNIA SUR,CABO SAN LUCAS,"AEROPUERTO CABO SAN LUCAS INTERNACIONAL, SA DE CV",PARTICULAR,"permiso que otorga la facultad de dar atención a las aeronaves, personas pasajeras, carga y correo del servicio de transporte aéreo Nacional e Internacional no regular, así como de servicios aéreos a terceros y operaciones de aeronaves para uso particular",,,,,,,,,,,,,,,,,,,,,,,,,,,,,,,,,,,,,,,,,,,,,,,,,,,,,,,,,,,,,,,,,,,,,,,,,,,,,,,,,,,,,,,
5,CPE,MMCP,ING ALBERTO ACUÑA ONGAY,CAMPECHE,,CAMPECHE,CAMPECHE,"GRUPO AEROPORTUARIO, FERROVIARIO, DE SERVICIOS AUXILIARES Y CONEXOS, OLMECA-MAYA-MEXICA, SA DE CV",GAFSACOMM,"servicio de transporte Internacional aéreo regular y no regular, así como de servicios aéreos a terceros y operaciones de aeronaves para uso particular",,,,,,,,,,,,,,,,,,,,,,,,,,,,,,,,,,,,,,,,,,,,,,,,,,,,,,,,,,,,,,,,,,,,,,,,,,,,,,,,,,,,,,,
6,CUN,MMUN,CANCÚN,CANCÚN,,QUINTANA ROO,CANCÚN,"AEROPUERTO DE CANCÚN, SA DE CV",ASUR,"servicio de transporte Internacional aéreo regular y no regular, así como de servicios aéreos a terceros y operaciones de aeronaves para uso particular",,,,,,,,,,,,,,,,,,,,,,,,,,,,,,,,,,,,,,,,,,,,,,,,,,,,,,,,,,,,,,,,,,,,,,,,,,,,,,,,,,,,,,,
7,CYW,MMCY,CELAYA,,CELAYA,GUANAJUATO,CELAYA,"CONSEJO DE ADMINISTRACIÓN AEROPUERTO DE CELAYA, AC",PARTICULAR,"destinado a los propios fines del permisionario, o a los de terceros con quienes libremente contrate, siempre que se presten al transporte aéreo nacional, ya sea privado no comercial o comercial y no regular",,,,,,,,,,,,,,,,,,,,,,,,,,,,,,,,,,,,,,,,,,,,,,,,,,,,,,,,,,,,,,,,,,,,,,,,,,,,,,,,,,,,,,,
8,CTM,MMCM,CHETUMAL,CHETUMAL,,QUINTANA ROO,CHETUMAL,"GRUPO AEROPORTUARIO, FERROVIARIO, DE SERVICIOS AUXILIARES Y CONEXOS, OLMECA-MAYA-MEXICA, SA DE CV",GAFSACOMM,"servicio de transporte Internacional aéreo regular y no regular, así como de servicios aéreos a terceros y operaciones de aeronaves para uso particular",,,,,,,,,,,,,,,,,,,,,,,,,,,,,,,,,,,,,,,,,,,,,,,,,,,,,,,,,,,,,,,,,,,,,,,,,,,,,,,,,,,,,,,
9,CZA,MMCT,Chichen-Itza,CHICHEN ITZA ,,YUCATÁN,KAUA,"AEROPUERTO DE CHICHEN ITZA DEL ESTADO DE YUCATÁN, SA DE CV",PARAESTATAL,"servicio de transporte Internacional aéreo regular y no regular, así como de servicios aéreos a terceros y operaciones de aeronaves para uso particular",,,,,,,,,,,,,,,,,,,,,,,,,,,,,,,,,,,,,,,,,,,,,,,,,,,,,,,,,,,,,,,,,,,,,,,,,,,,,,,,,,,,,,,
10,CUU,MMCU,GENERAL DE DIVISION Y PILOTO AVIADOR ROBERTO FIERRO VILLALOBOS,CHIHUAHUA,,CHIHUAHUA,CHIHUAHUA,"AEROPUERTO DE CHIHUAHUA, SA DE CV",OMA,"servicio de transporte Internacional aéreo regular y no regular, así como de servicios aéreos a terceros y operaciones de aeronaves para uso particular",,,,,,,,,,,,,,,,,,,,,,,,,,,,,,,,,,,,,,,,,,,,,,,,,,,,,,,,,,,,,,,,,,,,,,,,,,,,,,,,,,,,,,,
11,ACN,MMCC,CIUDAD ACUÑA,,CIUDAD ACUÑA,COAHUILA,CD ACUÑA,"ADMINISTRADORA COAHUILENSE DE INFRAESTRUCTURA Y TRANSPORTE AÉREO, SA DE CV ",ACITA,"destinado a los propios fines del permisionario, o a los de terceros con quienes libremente contrate, siempre que se presten al transporte aéreo nacional, ya sea privado no comercial o comercial y no regular",,,,,,,,,,,,,,,,,,,,,,,,,,,,,,,,,,,,,,,,,,,,,,,,,,,,,,,,,,,,,,,,,,,,,,,,,,,,,,,,,,,,,,,
12,CME,MMCE,CIUDAD DEL CARMEN,CIUDAD DEL CARMEN,,CAMPECHE,CD DEL CARMEN,"GRUPO AEROPORTUARIO DE LA CIUDAD DE MÉXICO, SA DE CV",GACM,"servicio de transporte Internacional aéreo regular y no regular, así como de servicios aéreos a terceros y operaciones de aeronaves para uso particular",,,,,,,,,,,,,,,,,,,,,,,,,,,,,,,,,,,,,,,,,,,,,,,,,,,,,,,,,,,,,,,,,,,,,,,,,,,,,,,,,,,,,,,
13,CJS,MMCS,CIUDAD JUÁREZ,CIUDAD JUÁREZ,,CHIHUAHUA,CD JUÁREZ,"AEROPUERTO DE CIUDAD JUÁREZ, SA DE CV",OMA,"servicio de transporte Internacional aéreo regular y no regular, así como de servicios aéreos a terceros y operaciones de aeronaves para uso particular",,,,,,,,,,,,,,,,,,,,,,,,,,,,,,,,,,,,,,,,,,,,,,,,,,,,,,,,,,,,,,,,,,,,,,,,,,,,,,,,,,,,,,,
14,CEN,MMCN,CIUDAD OBREGÓN,CIUDAD OBREGÓN,,SONORA,CD OBREGÓN,"GRUPO AEROPORTUARIO DE LA CIUDAD DE MÉXICO, SA DE CV",GACM,"servicio de transporte Internacional aéreo regular y no regular, así como de servicios aéreos a terceros y operaciones de aeronaves para uso particular",,,,,,,,,,,,,,,,,,,,,,,,,,,,,,,,,,,,,,,,,,,,,,,,,,,,,,,,,,,,,,,,,,,,,,,,,,,,,,,,,,,,,,,
15,CVM,MMCV,GENERAL PEDRO JOSÉ MENDEZ,CIUDAD VICTORIA,,TAMAULIPAS,CD VICTORIA,"GRUPO AEROPORTUARIO, FERROVIARIO, DE SERVICIOS AUXILIARES Y CONEXOS, OLMECA-MAYA-MEXICA, SA DE CV",GAFSACOMM,"servicio de transporte Internacional aéreo regular y no regular, así como de servicios aéreos a terceros y operaciones de aeronaves para uso particular",,,,,,,,,,,,,,,,,,,,,,,,,,,,,,,,,,,,,,,,,,,,,,,,,,,,,,,,,,,,,,,,,,,,,,,,,,,,,,,,,,,,,,,
16,CLQ,MMIA,COLIMA,COLIMA,,COLIMA,CUAUHTEMOC,"GRUPO AEROPORTUARIO DE LA CIUDAD DE MÉXICO, SA DE CV",GACM,"servicio de transporte Nacional aéreo regular y no regular, así como de servicios aéreos a terceros y operaciones de aeronaves para uso particular",,,,,,,,,,,,,,,,,,,,,,,,,,,,,,,,,,,,,,,,,,,,,,,,,,,,,,,,,,,,,,,,,,,,,,,,,,,,,,,,,,,,,,,
17,N/D,N/D,CORDOBA,,CORDOBA,VERACRUZ,CORDOBA,H AYUNTAMIENTO CONSTITUCIONAL DE LA CIUDAD DE CORDOBA,MUNICIPAL,aeródromo cerrado por juicio de amparo,,,,,,,,,,,,,,,,,,,,,,,,,,,,,,,,,,,,,,,,,,,,,,,,,,,,,,,,,,,,,,,,,,,,,,,,,,,,,,,,,,,,,,,
18,CZM,MMCZ,COZUMEL,COZUMEL,,QUINTANA ROO,COZUMEL,"AEROPUERTO DE COZUMEL, SA DE CV",ASUR,"servicio de transporte Internacional aéreo regular y no regular, así como de servicios aéreos a terceros y operaciones de aeronaves para uso particular",,,,,,,,,,,,,,,,,,,,,,,,,,,,,,,,,,,,,,,,,,,,,,,,,,,,,,,,,,,,,,,,,,,,,,,,,,,,,,,,,,,,,,,
19,CVJ,MMCB,CUERNAVACA,CUERNAVACA,,MORELOS,TEMIXCO,"AEROPUERTO INTERNACIONAL DE CUERNAVACA, SA DE CV ",PARAESTATAL,"servicio de transporte Internacional aéreo regular y no regular, así como de servicios aéreos a terceros y operaciones de aeronaves para uso particular",,,,,,,,,,,,,,,,,,,,,,,,,,,,,,,,,,,,,,,,,,,,,,,,,,,,,,,,,,,,,,,,,,,,,,,,,,,,,,,,,,,,,,,
20,CUL,MMCL,CULIACÁN,CULIACÁN,,SINALOA,CULIACAN,"AEROPUERTO DE CULIACÁN, SA DE CV",OMA,"servicio de transporte Internacional aéreo regular y no regular, así como de servicios aéreos a terceros y operaciones de aeronaves para uso particular",,,,,,,,,,,,,,,,,,,,,,,,,,,,,,,,,,,,,,,,,,,,,,,,,,,,,,,,,,,,,,,,,,,,,,,,,,,,,,,,,,,,,,,
21,NTR,MMAN,DEL NORTE,DEL NORTE,,NUEVO LEÓN, APODACA,"GRUPO AEROPORTUARIO, FERROVIARIO, DE SERVICIOS AUXILIARES Y CONEXOS, OLMECA-MAYA-MEXICA, SA DE CV",GAFSACOMM,"servicio de transporte Internacional aéreo regular y no regular, así como de servicios aéreos a terceros y operaciones de aeronaves para uso particular",,,,,,,,,,,,,,,,,,,,,,,,,,,,,,,,,,,,,,,,,,,,,,,,,,,,,,,,,,,,,,,,,,,,,,,,,,,,,,,,,,,,,,,
22,DGO,MMDO,DURANGO,DURANGO,,DURANGO,DURANGO,"AEROPUERTO DE DURANGO, SA DE CV",OMA,"servicio de transporte Internacional aéreo regular y no regular, así como de servicios aéreos a terceros y operaciones de aeronaves para uso particular",,,,,,,,,,,,,,,,,,,,,,,,,,,,,,,,,,,,,,,,,,,,,,,,,,,,,,,,,,,,,,,,,,,,,,,,,,,,,,,,,,,,,,,
23,ESE,MMES,ENSENADA,,ENSENADA,BAJA CALIFORNIA,ENSENADA,SECRETARÍA DE LA DEFENSA NACIONAL,SEDENA,que defina la SEDENA,,,,,,,,,,,,,,,,,,,,,,,,,,,,,,,,,,,,,,,,,,,,,,,,,,,,,,,,,,,,,,,,,,,,,,,,,,,,,,,,,,,,,,,
24,GDL,MMGL,GUADALAJARA,GUADALAJARA,,JALISCO,TLAJOMULCO DE ZUÑIGA,"AEROPUERTO DE GUADALAJARA, SA DE CV",GAP,"servicio de transporte Internacional aéreo regular y no regular, así como de servicios aéreos a terceros y operaciones de aeronaves para uso particular",,,,,,,,,,,,,,,,,,,,,,,,,,,,,,,,,,,,,,,,,,,,,,,,,,,,,,,,,,,,,,,,,,,,,,,,,,,,,,,,,,,,,,,
25,BJX,MMLO,AEROPUERTO INTERNACIONAL DE GUANAJUATO,GUANAJUATO,,GUANAJUATO,SILAO,"AEROPUERTO DEL BAJÍO, SA DE CV",GAP,"servicio de transporte Internacional aéreo regular y no regular, así como de servicios aéreos a terceros y operaciones de aeronaves para uso particular",,,,,,,,,,,,,,,,,,,,,,,,,,,,,,,,,,,,,,,,,,,,,,,,,,,,,,,,,,,,,,,,,,,,,,,,,,,,,,,,,,,,,,,
26,GYM,MMGM,GENERAL JOSE MARIA YAÑEZ,GUAYMAS,,SONORA,GUAYMAS,"GRUPO AEROPORTUARIO DE LA CIUDAD DE MÉXICO, SA DE CV",GACM,"servicio de transporte Internacional aéreo regular y no regular, así como de servicios aéreos a terceros y operaciones de aeronaves para uso particular",,,,,,,,,,,,,,,,,,,,,,,,,,,,,,,,,,,,,,,,,,,,,,,,,,,,,,,,,,,,,,,,,,,,,,,,,,,,,,,,,,,,,,,
27,HMO,MMHO,AEROPUERTO INTERNACIONAL GENERAL IGNACIO PESQUEIRA GARCIA,HERMOSILLO,,SONORA,HERMOSILLO,"AEROPUERTO DE HERMOSILLO, SA DE CV",GAP,"servicio de transporte Internacional aéreo regular y no regular, así como de servicios aéreos a terceros y operaciones de aeronaves para uso particular",,,,,,,,,,,,,,,,,,,,,,,,,,,,,,,,,,,,,,,,,,,,,,,,,,,,,,,,,,,,,,,,,,,,,,,,,,,,,,,,,,,,,,,
28,HUX,MMBT,HUATULCO,HUATULCO,,OAXACA,"SANTA MARIA HUATULCO, OAX","AEROPUERTO DE HUATULCO, SA DE CV",ASUR,"servicio de transporte Internacional aéreo regular y no regular, así como de servicios aéreos a terceros y operaciones de aeronaves para uso particular",,,,,,,,,,,,,,,,,,,,,,,,,,,,,,,,,,,,,,,,,,,,,,,,,,,,,,,,,,,,,,,,,,,,,,,,,,,,,,,,,,,,,,,
29,ZIH,MMZH,IXTAPA-ZIHUATANEJO,IXTAPA - ZIHUATANEJO,,GUERRERO,ZIHUATANEJO,"AEROPUERTO DE ZIHUATANEJO, SA DE CV",OMA,"servicio de transporte Internacional aéreo regular y no regular, así como de servicios aéreos a terceros y operaciones de aeronaves para uso particular",,,,,,,,,,,,,,,,,,,,,,,,,,,,,,,,,,,,,,,,,,,,,,,,,,,,,,,,,,,,,,,,,,,,,,,,,,,,,,,,,,,,,,,
30,IZT,MMIT,IXTEPEC,IXTEPEC,,OAXACA, IXTEPEC,SECRETARÍA DE LA DEFENSA NACIONAL /  AEROPUERTOS Y SERVICIOS AUXILIARES,GAFSACOMM,"servicio de transporte Nacional aéreo regular y no regular, así como de servicios aéreos a terceros y operaciones de aeronaves para uso particular",,,,,,,,,,,,,,,,,,,,,,,,,,,,,,,,,,,,,,,,,,,,,,,,,,,,,,,,,,,,,,,,,,,,,,,,,,,,,,,,,,,,,,,
31,JAL,MMJA,JALAPA,,JALAPA,VERACRUZ, XALAPA,"SERVICIOS AÉREOS DE VERACRUZ, SA DE CV",PARAESTATAL,"destinado a los propios fines del permisionario, o a los de terceros con quienes libremente contrate, siempre que se presten al transporte aéreo nacional, ya sea privado no comercial o comercial y no regular",,,,,,,,,,,,,,,,,,,,,,,,,,,,,,,,,,,,,,,,,,,,,,,,,,,,,,,,,,,,,,,,,,,,,,,,,,,,,,,,,,,,,,,
32,LAP,MMLP,GRAL MANUEL MARQUEZ DE LEÓN,LA PAZ,,BAJA CALIFORNIA SUR,LA PAZ,"AEROPUERTO DE LA PAZ, SA DE CV",GAP,"servicio de transporte Internacional aéreo regular y no regular, así como de servicios aéreos a terceros y operaciones de aeronaves para uso particular",,,,,,,,,,,,,,,,,,,,,,,,,,,,,,,,,,,,,,,,,,,,,,,,,,,,,,,,,,,,,,,,,,,,,,,,,,,,,,,,,,,,,,,
33,LZC,MMLC,LÁZARO CÁRDENAS,,LÁZARO CÁRDENAS,MICHOACAN,LAZARO CARDENAS,GOBIERNO DEL ESTADO DE MICHOACÁN,ESTATAL,"destinado a los propios fines del permisionario, o a los de terceros con quienes libremente contrate, siempre que se presten al transporte aéreo nacional, ya sea privado no comercial o comercial y no regular",,,,,,,,,,,,,,,,,,,,,,,,,,,,,,,,,,,,,,,,,,,,,,,,,,,,,,,,,,,,,,,,,,,,,,,,,,,,,,,,,,,,,,,
34,LTO,MMLT,LORETO,LORETO,,BAJA CALIFORNIA SUR,LORETO,"GRUPO AEROPORTUARIO DE LA CIUDAD DE MÉXICO, SA DE CV",GACM,"servicio de transporte Internacional aéreo regular y no regular, así como de servicios aéreos a terceros y operaciones de aeronaves para uso particular",,,,,,,,,,,,,,,,,,,,,,,,,,,,,,,,,,,,,,,,,,,,,,,,,,,,,,,,,,,,,,,,,,,,,,,,,,,,,,,,,,,,,,,
35,LMM,MMLM,DEL VALLE DEL FUERTE,LOS MOCHIS,,SINALOA,LOS MOCHIS,"AEROPUERTO DE LOS MOCHIS, SA DE CV",GAP,"servicio de transporte Internacional aéreo regular y no regular, así como de servicios aéreos a terceros y operaciones de aeronaves para uso particular",,,,,,,,,,,,,,,,,,,,,,,,,,,,,,,,,,,,,,,,,,,,,,,,,,,,,,,,,,,,,,,,,,,,,,,,,,,,,,,,,,,,,,,
36,ZLO,MMZO,MANZANILLO,MANZANILLO,,COLIMA,MANZANILLO,"AEROPUERTO DE MANZANILLO, SA DE CV",GAP,"servicio de transporte Internacional aéreo regular y no regular, así como de servicios aéreos a terceros y operaciones de aeronaves para uso particular",,,,,,,,,,,,,,,,,,,,,,,,,,,,,,,,,,,,,,,,,,,,,,,,,,,,,,,,,,,,,,,,,,,,,,,,,,,,,,,,,,,,,,,
37,MAM,MMMA,GRAL SERVANDO CANALES,MATAMOROS,,TAMAULIPAS,MATAMOROS,"GRUPO AEROPORTUARIO DE LA CIUDAD DE MÉXICO, SA DE CV",GACM,"servicio de transporte Internacional aéreo regular y no regular, así como de servicios aéreos a terceros y operaciones de aeronaves para uso particular",,,,,,,,,,,,,,,,,,,,,,,,,,,,,,,,,,,,,,,,,,,,,,,,,,,,,,,,,,,,,,,,,,,,,,,,,,,,,,,,,,,,,,,
38,MZT,MMMZ,MAZATLÁN,MAZATLÁN,,SINALOA,MAZATLAN,"AEROPUERTO DE MAZATLÁN, SA DE CV",OMA,"servicio de transporte Internacional aéreo regular y no regular, así como de servicios aéreos a terceros y operaciones de aeronaves para uso particular",,,,,,,,,,,,,,,,,,,,,,,,,,,,,,,,,,,,,,,,,,,,,,,,,,,,,,,,,,,,,,,,,,,,,,,,,,,,,,,,,,,,,,,
39,MID,MMMD,MÉRIDA,MÉRIDA,,YUCATÁN,MERIDA,"AEROPUERTO DE MÉRIDA, SA DE CV",ASUR,"servicio de transporte Internacional aéreo regular y no regular, así como de servicios aéreos a terceros y operaciones de aeronaves para uso particular",,,,,,,,,,,,,,,,,,,,,,,,,,,,,,,,,,,,,,,,,,,,,,,,,,,,,,,,,,,,,,,,,,,,,,,,,,,,,,,,,,,,,,,
40,MXL,MMML,MEXICALI,MEXICALI,,BAJA CALIFORNIA,MEXICALI,"AEROPUERTO DE MEXICALI, SA DE CV",GAP,"servicio de transporte Internacional aéreo regular y no regular, así como de servicios aéreos a terceros y operaciones de aeronaves para uso particular",,,,,,,,,,,,,,,,,,,,,,,,,,,,,,,,,,,,,,,,,,,,,,,,,,,,,,,,,,,,,,,,,,,,,,,,,,,,,,,,,,,,,,,
41,MEX,MMMX,AEROPUERTO INTERNACIONAL BENITO JUÁREZ,MÉXICO,,CIUDAD DE MEXICO,CIUDAD DE MÉXICO,"AEROPUERTO INTERNACIONAL DE LA CIUDAD DE MÉXICO, SA DE CV (AICM)",AICM,"servicio de transporte Internacional aéreo regular y no regular, así como de servicios aéreos a terceros y operaciones de aeronaves para uso particular",,,,,,,,,,,,,,,,,,,,,,,,,,,,,,,,,,,,,,,,,,,,,,,,,,,,,,,,,,,,,,,,,,,,,,,,,,,,,,,,,,,,,,,
42,MTT,MMMT,MINATITLÁN,MINATITLÁN,,VERACRUZ,MINATITLAN,"AEROPUERTO DE MINATITLÁN, SA DE CV",ASUR,"servicio de transporte Internacional aéreo regular y no regular, así como de servicios aéreos a terceros y operaciones de aeronaves para uso particular",,,,,,,,,,,,,,,,,,,,,,,,,,,,,,,,,,,,,,,,,,,,,,,,,,,,,,,,,,,,,,,,,,,,,,,,,,,,,,,,,,,,,,,
43,LOV,MMMV,MONCLOVA,,MONCLOVA,COAHUILA,CD FRONTERA,"ADMINISTRADORA COAHUILENSE DE INFRAESTRUCTURA Y TRANSPORTE AÉREO, SA DE CV ",ACITA,"destinado a los propios fines del permisionario, o a los de terceros con quienes libremente contrate, siempre que se presten al transporte aéreo nacional, ya sea privado no comercial o comercial y no regular",,,,,,,,,,,,,,,,,,,,,,,,,,,,,,,,,,,,,,,,,,,,,,,,,,,,,,,,,,,,,,,,,,,,,,,,,,,,,,,,,,,,,,,
44,MTY,MMMY,MONTERREY ,MONTERREY ,,NUEVO LEÓN,APODACA,"AEROPUERTO DE MONTERREY , SA DE CV",OMA,"servicio de transporte Internacional aéreo regular y no regular, así como de servicios aéreos a terceros y operaciones de aeronaves para uso particular",,,,,,,,,,,,,,,,,,,,,,,,,,,,,,,,,,,,,,,,,,,,,,,,,,,,,,,,,,,,,,,,,,,,,,,,,,,,,,,,,,,,,,,
45,MLM,MMMM,GRAL FRANCISCO J MUJICA,MORELIA,,MICHOACAN,ALVARO OBREGON,"AEROPUERTO DE MORELIA, SA DE CV",GAP,"servicio de transporte Internacional aéreo regular y no regular, así como de servicios aéreos a terceros y operaciones de aeronaves para uso particular",,,,,,,,,,,,,,,,,,,,,,,,,,,,,,,,,,,,,,,,,,,,,,,,,,,,,,,,,,,,,,,,,,,,,,,,,,,,,,,,,,,,,,,
46,NOG,MMNG,NOGALES,NOGALES,,SONORA,NOGALES,"GRUPO AEROPORTUARIO, FERROVIARIO, DE SERVICIOS AUXILIARES Y CONEXOS, OLMECA-MAYA-MEXICA, SA DE CV",GAFSACOMM,"servicio de transporte Internacional aéreo regular y no regular, así como de servicios aéreos a terceros y operaciones de aeronaves para uso particular",,,,,,,,,,,,,,,,,,,,,,,,,,,,,,,,,,,,,,,,,,,,,,,,,,,,,,,,,,,,,,,,,,,,,,,,,,,,,,,,,,,,,,,
47,NLD,MMNL,AEROPUERTO INTERNACIONAL QUETZALCOATL,NUEVO LAREDO,,TAMAULIPAS,NUEVO LAREDO,"GRUPO AEROPORTUARIO, FERROVIARIO, DE SERVICIOS AUXILIARES Y CONEXOS, OLMECA-MAYA-MEXICA, SA DE CV",GAFSACOMM,"servicio de transporte Internacional aéreo regular y no regular, así como de servicios aéreos a terceros y operaciones de aeronaves para uso particular",,,,,,,,,,,,,,,,,,,,,,,,,,,,,,,,,,,,,,,,,,,,,,,,,,,,,,,,,,,,,,,,,,,,,,,,,,,,,,,,,,,,,,,
48,OAX,MMOX,OAXACA,OAXACA,,OAXACA,XOXOCOTLAN,"AEROPUERTO DE OAXACA, SA DE CV",ASUR,"servicio de transporte Internacional aéreo regular y no regular, así como de servicios aéreos a terceros y operaciones de aeronaves para uso particular",,,,,,,,,,,,,,,,,,,,,,,,,,,,,,,,,,,,,,,,,,,,,,,,,,,,,,,,,,,,,,,,,,,,,,,,,,,,,,,,,,,,,,,
49,NIL,MMPC,PACHUCA,,PACHUCA,HIDALGO,PACHUCA DE SOTO,GOBIERNO DEL ESTADO DE HIDALGO,ESTATAL,"destinado a los propios fines del permisionario, o a los de terceros con quienes libremente contrate, siempre que se presten al transporte aéreo nacional, ya sea privado no comercial o comercial y no regular",,,,,,,,,,,,,,,,,,,,,,,,,,,,,,,,,,,,,,,,,,,,,,,,,,,,,,,,,,,,,,,,,,,,,,,,,,,,,,,,,,,,,,,
50,PQM,MMPQ, PALENQUE,PALENQUE,,CHIAPAS,PALENQUE,"GRUPO AEROPORTUARIO, FERROVIARIO, DE SERVICIOS AUXILIARES Y CONEXOS, OLMECA-MAYA-MEXICA, SA DE CV",GAFSACOMM,"servicio de transporte Internacional aéreo regular y no regular, así como de servicios aéreos a terceros y operaciones de aeronaves para uso particular",,,,,,,,,,,,,,,,,,,,,,,,,,,,,,,,,,,,,,,,,,,,,,,,,,,,,,,,,,,,,,,,,,,,,,,,,,,,,,,,,,,,,,,
51,PDS,MMPG,PIEDRAS NEGRAS,,PIEDRAS NEGRAS,COAHUILA,APODACA,"ADMINISTRADORA COAHUILENSE DE INFRAESTRUCTURA Y TRANSPORTE AÉREO, SA DE CV ",ACITA,"destinado a los propios fines del permisionario, o a los de terceros con quienes libremente contrate, siempre que se presten al transporte aéreo nacional, ya sea privado no comercial o comercial y no regular",,,,,,,,,,,,,,,,,,,,,,,,,,,,,,,,,,,,,,,,,,,,,,,,,,,,,,,,,,,,,,,,,,,,,,,,,,,,,,,,,,,,,,,
52,PCM,N/D,PLAYA DEL CARMEN,,PLAYA DEL CARMEN,QUINTANA ROO,PLAYA DEL CARMEN,"VIP SERVICIOS AÉREOS EJECUTIVOS, SA DE CV",PARTICULAR,"destinado a los propios fines del permisionario, o a los de terceros con quienes libremente contrate, siempre que se presten al transporte aéreo nacional, ya sea privado no comercial o comercial y no regular",,,,,,,,,,,,,,,,,,,,,,,,,,,,,,,,,,,,,,,,,,,,,,,,,,,,,,,,,,,,,,,,,,,,,,,,,,,,,,,,,,,,,,,
53,PAZ,MMPA,EL TAJIN,POZA RICA,,VERACRUZ,TIHUATLAN,AEROPUERTOS Y SERVICIOS AUXILIARES,ASA,"servicio de transporte Nacional aéreo regular y no regular, así como de servicios aéreos a terceros y operaciones de aeronaves para uso particular",,,,,,,,,,,,,,,,,,,,,,,,,,,,,,,,,,,,,,,,,,,,,,,,,,,,,,,,,,,,,,,,,,,,,,,,,,,,,,,,,,,,,,,
54,PBC,MMPB,HERMANOS SERDÁN,PUEBLA,,PUEBLA,HUEJOTZINGO,"GRUPO AEROPORTUARIO, FERROVIARIO, DE SERVICIOS AUXILIARES Y CONEXOS, OLMECA-MAYA-MEXICA, SA DE CV",GAFSACOMM,"servicio de transporte Internacional aéreo regular y no regular, así como de servicios aéreos a terceros y operaciones de aeronaves para uso particular",,,,,,,,,,,,,,,,,,,,,,,,,,,,,,,,,,,,,,,,,,,,,,,,,,,,,,,,,,,,,,,,,,,,,,,,,,,,,,,,,,,,,,,
55,PXM,MMPS,PUERTO ESCONDIDO,PUERTO ESCONDIDO,,OAXACA,PUERTO ESCONDIDO,"GRUPO AEROPORTUARIO TURÍSTICO MEXICANO, SA DE CV,",GATM,"servicio de transporte Internacional aéreo regular y no regular, así como de servicios aéreos a terceros y operaciones de aeronaves para uso particular",,,,,,,,,,,,,,,,,,,,,,,,,,,,,,,,,,,,,,,,,,,,,,,,,,,,,,,,,,,,,,,,,,,,,,,,,,,,,,,,,,,,,,,
56,PPE,MMPE,PUERTO PEÑASCO,PUERTO PEÑASCO,,SONORA,PUERTO PEÑASCO,"AEROPUERTO INTERNACIONAL DEL MAR DE CORTÉS, SA DE CV",PARAESTATAL,"servicio de transporte Internacional aéreo regular y no regular, así como de servicios aéreos a terceros y operaciones de aeronaves para uso particular",,,,,,,,,,,,,,,,,,,,,,,,,,,,,,,,,,,,,,,,,,,,,,,,,,,,,,,,,,,,,,,,,,,,,,,,,,,,,,,,,,,,,,,
57,PVR,MMPR,PUERTO VALLARTA,PUERTO VALLARTA,,JALISCO,PUERTO VALLARTA,"AEROPUERTO DE PUERTO VALLARTA, SA DE CV",GAP,"servicio de transporte Internacional aéreo regular y no regular, así como de servicios aéreos a terceros y operaciones de aeronaves para uso particular",,,,,,,,,,,,,,,,,,,,,,,,,,,,,,,,,,,,,,,,,,,,,,,,,,,,,,,,,,,,,,,,,,,,,,,,,,,,,,,,,,,,,,,
58,QRO,MMQT,INTERCONTINENTAL DE QUERÉTARO,QUERÉTARO,,QUERÉTARO,COLON QUERETARO,"AEROPUERTO INTERCONTINENTAL DE QUERÉTARO, SA DE CV ",PARAESTATAL,"servicio de transporte Internacional aéreo regular y no regular, así como de servicios aéreos a terceros y operaciones de aeronaves para uso particular",,,,,,,,,,,,,,,,,,,,,,,,,,,,,,,,,,,,,,,,,,,,,,,,,,,,,,,,,,,,,,,,,,,,,,,,,,,,,,,,,,,,,,,
59,REX,MMRX,REYNOSA,REYNOSA,,TAMAULIPAS,REYNOSA,"AEROPUERTO DE REYNOSA, SA DE CV",OMA,"servicio de transporte Internacional aéreo regular y no regular, así como de servicios aéreos a terceros y operaciones de aeronaves para uso particular",,,,,,,,,,,,,,,,,,,,,,,,,,,,,,,,,,,,,,,,,,,,,,,,,,,,,,,,,,,,,,,,,,,,,,,,,,,,,,,,,,,,,,,
60,SLW,MMIO,PLAN DE GUADALUPE ,SALTILLO,,COAHUILA,APODACA,"ADMINISTRADORA COAHUILENSE DE INFRAESTRUCTURA Y TRANSPORTE AÉREO, SA DE CV ",ACITA,"servicio de transporte Internacional aéreo regular y no regular, así como de servicios aéreos a terceros y operaciones de aeronaves para uso particular",,,,,,,,,,,,,,,,,,,,,,,,,,,,,,,,,,,,,,,,,,,,,,,,,,,,,,,,,,,,,,,,,,,,,,,,,,,,,,,,,,,,,,,
61,SFH,MMSF,SAN FELIPE,,SAN FELIPE,BAJA CALIFORNIA,SAN FELIPE,"ADMINISTRADORA DEL AERÓDROMO DE SAN FELIPE, SA DE CV",PARAESTATAL,"permiso que otorga la facultad de dar atención a las aeronaves, personas pasajeras, carga y correo del servicio de transporte aéreo Nacional e Internacional no regular, así como de servicios aéreos a terceros y operaciones de aeronaves para uso particular",,,,,,,,,,,,,,,,,,,,,,,,,,,,,,,,,,,,,,,,,,,,,,,,,,,,,,,,,,,,,,,,,,,,,,,,,,,,,,,,,,,,,,,
62,SJD,MMSD,AEROPUERTO INTERNACIONAL LOS CABOS,SAN JOSÉ DEL CABO,,BAJA CALIFORNIA SUR,SAN JOSE DEL CABO,"AEROPUERTO DE SAN JOSÉ DEL CABO, SA DE CV",GAP,"servicio de transporte Internacional aéreo regular y no regular, así como de servicios aéreos a terceros y operaciones de aeronaves para uso particular",,,,,,,,,,,,,,,,,,,,,,,,,,,,,,,,,,,,,,,,,,,,,,,,,,,,,,,,,,,,,,,,,,,,,,,,,,,,,,,,,,,,,,,
63,SLP,MMSP,PONCIANO ARRIAGA,SAN LUIS POTOSÍ,,SAN LUIS POTOSÍ,SAN LUIS POTOSI,"AEROPUERTO DE SAN LUIS POTOSÍ, SA DE CV",OMA,"servicio de transporte Internacional aéreo regular y no regular, así como de servicios aéreos a terceros y operaciones de aeronaves para uso particular",,,,,,,,,,,,,,,,,,,,,,,,,,,,,,,,,,,,,,,,,,,,,,,,,,,,,,,,,,,,,,,,,,,,,,,,,,,,,,,,,,,,,,,
64,TAM,MMTM,GRAL FRANCISCO JAVIER MINA,TAMPICO,,TAMAULIPAS,TAMPICO,"AEROPUERTO DE TAMPICO, SA DE CV",OMA,"servicio de transporte Internacional aéreo regular y no regular, así como de servicios aéreos a terceros y operaciones de aeronaves para uso particular",,,,,,,,,,,,,,,,,,,,,,,,,,,,,,,,,,,,,,,,,,,,,,,,,,,,,,,,,,,,,,,,,,,,,,,,,,,,,,,,,,,,,,,
65,TSL,MMTN,TAMUÍN,TAMUÍN,,SAN LUIS POTOSÍ,TAMUIN,"GRUPO AEROPORTUARIO, FERROVIARIO, DE SERVICIOS AUXILIARES Y CONEXOS, OLMECA-MAYA-MEXICA, SA DE CV",GAFSACOMM,"servicio de transporte Nacional aéreo regular y no regular, así como de servicios aéreos a terceros y operaciones de aeronaves para uso particular",,,,,,,,,,,,,,,,,,,,,,,,,,,,,,,,,,,,,,,,,,,,,,,,,,,,,,,,,,,,,,,,,,,,,,,,,,,,,,,,,,,,,,,
66,TAP,MMTP,TAPACHULA,TAPACHULA,,CHIAPAS,TAPACHULA,"AEROPUERTO DE TAPACHULA, SA DE CV",ASUR,"servicio de transporte Internacional aéreo regular y no regular, así como de servicios aéreos a terceros y operaciones de aeronaves para uso particular",,,,,,,,,,,,,,,,,,,,,,,,,,,,,,,,,,,,,,,,,,,,,,,,,,,,,,,,,,,,,,,,,,,,,,,,,,,,,,,,,,,,,,,
67,TCN,MMHC,TEHUACÁN,TEHUACÁN,,PUEBLA,TEHUACAN,AEROPUERTOS Y SERVICIOS AUXILIARES,ASA,"servicio de transporte Nacional aéreo regular y no regular, así como de servicios aéreos a terceros y operaciones de aeronaves para uso particular",,,,,,,,,,,,,,,,,,,,,,,,,,,,,,,,,,,,,,,,,,,,,,,,,,,,,,,,,,,,,,,,,,,,,,,,,,,,,,,,,,,,,,,
68,TPQ,MMEP,TEPIC,TEPIC,,NAYARIT,XALISCO,"GRUPO AEROPORTUARIO TURÍSTICO MEXICANO, SA DE CV,",GATM,"servicio de transporte Internacional aéreo regular y no regular, así como de servicios aéreos a terceros y operaciones de aeronaves para uso particular",,,,,,,,,,,,,,,,,,,,,,,,,,,,,,,,,,,,,,,,,,,,,,,,,,,,,,,,,,,,,,,,,,,,,,,,,,,,,,,,,,,,,,,
69,TIJ,MMTJ,TIJUANA,TIJUANA,,BAJA CALIFORNIA,TIJUANA,"AEROPUERTO DE TIJUANA, SA DE CV",GAP,"servicio de transporte Internacional aéreo regular y no regular, así como de servicios aéreos a terceros y operaciones de aeronaves para uso particular",,,,,,,,,,,,,,,,,,,,,,,,,,,,,,,,,,,,,,,,,,,,,,,,,,,,,,,,,,,,,,,,,,,,,,,,,,,,,,,,,,,,,,,
70,TLC,MMTO,LICENCIADO ADOLFO LÓPEZ MATEOS,TOLUCA,,ESTADO DE MÉXICO,TOLUCA,"ADMINISTRADORA MEXIQUENSE DEL AEROPUERTO INTERNACIONAL DE TOLUCA, SA DE CV ",AMAIT,"servicio de transporte Internacional aéreo regular y no regular, así como de servicios aéreos a terceros y operaciones de aeronaves para uso particular",,,,,,,,,,,,,,,,,,,,,,,,,,,,,,,,,,,,,,,,,,,,,,,,,,,,,,,,,,,,,,,,,,,,,,,,,,,,,,,,,,,,,,,
71,TRC,MMTC,TORREÓN,TORREÓN,,COAHUILA,TORREON,"AEROPUERTO DE TORREÓN, SA DE CV",OMA,"servicio de transporte Internacional aéreo regular y no regular, así como de servicios aéreos a terceros y operaciones de aeronaves para uso particular",,,,,,,,,,,,,,,,,,,,,,,,,,,,,,,,,,,,,,,,,,,,,,,,,,,,,,,,,,,,,,,,,,,,,,,,,,,,,,,,,,,,,,,
72,TGZ,MMTG,TUXTLA GUTIÉRREZ,TUXTLA GUTIÉRREZ,,CHIAPAS,CHIAPA DE CORZO,"SOCIEDAD OPERADORA DEL AEROPUERTO INTERNACIONAL ÁNGEL ALBINO CORZO, SA DE CV",SOAIAAC,"servicio de transporte Internacional aéreo regular y no regular, así como de servicios aéreos a terceros y operaciones de aeronaves para uso particular",,,,,,,,,,,,,,,,,,,,,,,,,,,,,,,,,,,,,,,,,,,,,,,,,,,,,,,,,,,,,,,,,,,,,,,,,,,,,,,,,,,,,,,
73,UPN,MMPN,LICENCIADO Y GENERAL IGNACIO LOPEZ RAYON,URUAPAN,,MICHOACAN,URUAPAN,"GRUPO AEROPORTUARIO, FERROVIARIO, DE SERVICIOS AUXILIARES Y CONEXOS, OLMECA-MAYA-MEXICA, SA DE CV",GAFSACOMM,"servicio de transporte Internacional aéreo regular y no regular, así como de servicios aéreos a terceros y operaciones de aeronaves para uso particular",,,,,,,,,,,,,,,,,,,,,,,,,,,,,,,,,,,,,,,,,,,,,,,,,,,,,,,,,,,,,,,,,,,,,,,,,,,,,,,,,,,,,,,
74,VER,MMVR,GENERAL HERIBERTO JARA,VERACRUZ,,VERACRUZ,VERACRUZ,"AEROPUERTO DE VERACRUZ, SA DE CV",ASUR,"servicio de transporte Internacional aéreo regular y no regular, así como de servicios aéreos a terceros y operaciones de aeronaves para uso particular",,,,,,,,,,,,,,,,,,,,,,,,,,,,,,,,,,,,,,,,,,,,,,,,,,,,,,,,,,,,,,,,,,,,,,,,,,,,,,,,,,,,,,,
75,VSA,MMVA,CPA CARLOS ROVIROSA PERERZ,VILLAHERMOSA,,TABASCO,DOS MONTES VILLAHERMOSA,"AEROPUERTO DE VILLAHERMOSA, SA DE CV",ASUR,"servicio de transporte Internacional aéreo regular y no regular, así como de servicios aéreos a terceros y operaciones de aeronaves para uso particular",,,,,,,,,,,,,,,,,,,,,,,,,,,,,,,,,,,,,,,,,,,,,,,,,,,,,,,,,,,,,,,,,,,,,,,,,,,,,,,,,,,,,,,
76,ZCL,MMZC,AEROPUERTO GENERAL LEOBARDO C RUIZ,ZACATECAS,,ZACATECAS,VICTOR ROSALES CALERA,"AEROPUERTO DE ZACATECAS, SA DE CV",OMA,"servicio de transporte Internacional aéreo regular y no regular, así como de servicios aéreos a terceros y operaciones de aeronaves para uso particular",,,,,,,,,,,,,,,,,,,,,,,,,,,,,,,,,,,,,,,,,,,,,,,,,,,,,,,,,,,,,,,,,,,,,,,,,,,,,,,,,,,,,,,
77,ZMM,MMZM,ZAMORA,,ZAMORA,MICHOACAN,ZAMORA,GOBIERNO DEL ESTADO DE MICHOACÁN,ESTATAL,destinado a los propios fines del permisionario,,,,,,,,,,,,,,,,,,,,,,,,,,,,,,,,,,,,,,,,,,,,,,,,,,,,,,,,,,,,,,,,,,,,,,,,,,,,,,,,,,,,,,,
78,NLU,MMSM,AEROPUERTO INTERNACIONAL FELIPE ÁNGELES ,SANTA LUCÍA,,ESTADO DE MÉXICO, ZUMPANGO,AEROPUERTO INTERNACIONAL FELIPE ÁNGELES SA DE CV,AIFA,"servicio de transporte Internacional aéreo regular y no regular, así como de servicios aéreos a terceros y operaciones de aeronaves para uso particular",,,,,,,,,,,,,,,,,,,,,,,,,,,,,,,,,,,,,,,,,,,,,,,,,,,,,,,,,,,,,,,,,,,,,,,,,,,,,,,,,,,,,,,
79,TQO,MMTL,"AEROPUERTO INTERNACIONAL DE TULUM
 FELIPE CARRILLO PUERTO",TULUM,,QUINTANA ROO,Felipe Carrillo puerto,"GRUPO AEROPORTUARIO, FERROVIARIO, DE SERVICIOS AUXILIARES Y CONEXOS, OLMECA-MAYA-MEXICA, SA DE CV",GAFSACOMM,"servicio de transporte Internacional aéreo regular y no regular, así como de servicios aéreos a terceros y operaciones de aeronaves para uso particular",,,,,,,,,,,,,,,,,,,,,,,,,,,,,,,,,,,,,,,,,,,,,,,,,,,,,,,,,,,,,,,,,,,,,,,,,,,,,,,,,,,,,,,#NAME?
80,NIL,MMGA,AEROPUERTO REGIONAL BARRANCAS DEL COBRE,CREEL/BARRANCAS DEL COBRE,,CHIHUAHUA,BOCOYNA CREEL,ADMINISTRADORA DE SERVICIOS AEROPORTUARIOS DE CHIHUAHUA SA de CV,ASACH,"servicio de transporte Nacional aéreo regular y no regular, así como de servicios aéreos a terceros y operaciones de aeronaves para uso particular",,,,,,,,,,,,,,,,,,,,,,,,,,,,,,,,,,,,,,,,,,,,,,,,,,,,,,,,,,,,,,,,,,,,,,,,,,,,,,,,,,,,,,,
,,N/D,,No Disponible,,,,,,,,,,,,,,,,,,,,,,,,,,,,,,,,,,,,,,,,,,,,,,,,,,,,,,,,,,,,,,,,,,,,,,,,,,,,,,,,,,,,,,,,,,,,,
,,,,,,,,,,,,,,,,,,,,,,,,,,,,,,,,,,,,,,,,,,,,,,,,,,,,,,,,,,,,,,,,,,,,,,,,,,,,,,,,,,,,,,,,,,,,,,,,,
,,,,,,,,,,,,,,,,,,,,,,,,,,,,,,,,,,,,,,,,,,,,,,,,,,,,,,,,,,,,,,,,,,,,,,,,,,,,,,,,,,,,,,,,,,,,,,,,,
,,, ,,,,,,,,,,,,,,,,,,,,,,,,,,,,,,,,,,,,,,,,,,,,,,,,,,,,,,,,,,,,,,,,,,,,,,,,,,,,,,,,,,,,,,,,,,,,,,
